"43.134.164.175","elite","AS132203","SG","Aceville Pte.ltd","236","N/A","443","socks5","48","1","2022-12-16T23:09:57.256Z","51","302","591"
"109.194.17.214","elite","AS51645","RU","CJSC \"ER-Telecom Holding\" Irkutsk branch","117","JSC \"ER-Telecom Holding\" Irkutsk Branch","3629","socks4","48","1","2022-12-16T23:09:56.610Z","99","583","589"
"37.228.65.107","elite","AS35104","KZ","Jusan Mobile JSC","82","Jusan Mobile","51032","socks4","46","1","2022-12-16T23:09:56.427Z","94","593","634"
"123.31.12.184","elite","AS135905","VN","VietNam Post and Telecom Corporation","201","Vietnam Posts and Telecommunications Group","28417","socks5","47","1","2022-12-16T23:09:54.455Z","100","631","633"
"103.95.97.43","elite","AS136759","BD","Cosmopolitan Communications Limited","270","Cosmopolitan Communications Limited","4153","socks4","46","1","2022-12-16T23:09:54.207Z","97","617","634"
"180.183.121.6","elite","AS45629","TH","Triple T Broadband Public Company Limited","150","Triple T Broadband Public Company Limited","5678","socks4","44","1","2022-12-16T23:09:53.423Z","93","476","513"
"91.227.105.231","elite","AS51944","PL","DARIUSZ WESOLOWSKI trading as PROMEDIA NOWICKI WESOLOWSKI Sp.J","47","PROMEDIA NOWICKI WESOLOWSKI Sp.J","5678","socks4","53","1","2022-12-16T23:09:53.776Z","81","514","633"
"115.127.121.202","elite","AS24342","BD","BRACNet Limited","170","BRACNet Limited","5678","socks4","46","1","2022-12-16T23:09:52.172Z","97","593","613"
"1.0.0.84","elite","AS13335","AU","Cloudflare, Inc","1","APNIC and Cloudflare DNS Resolver project","80","socks4","47","1","2022-12-16T23:09:51.846Z","100","590","590"
"94.23.149.39","elite","AS16276","FR","OVH ISP","5","OVH BV","8444","socks5","47","1","2022-12-16T23:09:51.582Z","96","575","596"
"37.111.50.251","elite","AS133385","MM","Atom Myanmar Limited","298","Telenor Myanmar","4153","socks4","49","1","2022-12-16T23:09:51.661Z","96","605","633"
"212.156.123.218","elite","AS9121","TR","Turk Telekomunikasyon A.S","54","TurkTelekom","8080","https","47","200","2022-12-16T23:09:51.071Z","100","574","576"
"179.108.158.204","elite","AS262973","BR","Max Telecomunicações Ltda","244","Max Telecomunicações Ltda","4145","socks4","58","1","2022-12-16T23:09:50.657Z","100","632","634"
"103.70.159.132","elite","AS133720","IN","speednet","119","N/A","5678","socks4","47","1","2022-12-16T23:09:50.732Z","99","614","622"
"124.158.144.187","elite","AS17995","ID","PT iForte Global Internet","220","N/A","1080","socks4","48","1","2022-12-16T23:09:50.168Z","100","606","608"
"181.111.175.237","elite","AS7303","AR","Telecom Argentina S.A","272","Providers S.A","4153","socks4","143","1","2022-12-16T23:09:49.651Z","97","615","633"
"183.81.153.9","elite","AS24527","ID","Internet Service Provider","193","POP Bogor","5678","socks4","44","1","2022-12-16T23:09:49.717Z","100","621","621"
"103.240.33.185","elite","AS132923","IN","Vihaan Telecommunication Pvt. Ltd.","124","Vihaan","8291","socks4","68","1","2022-12-16T23:09:49.383Z","99","590","597"
"168.227.158.13","elite","AS52898","BR","Multipla Serviços Inteligentes","237","Multipla Serviços Inteligentes","4145","socks4","82","1","2022-12-16T23:09:49.702Z","100","572","574"
"45.7.177.243","elite","AS266626","BR","Litoral Telecom","196","Litoral Telecom","39867","socks4","56","3","2022-12-16T23:09:49.709Z","99","585","593"
"222.165.223.138","elite","AS24207","ID","PT NettoCyber Indonesia","207","N/A","41541","socks4","122","1","2022-12-16T23:09:49.653Z","100","633","634"
"79.141.160.2","elite","AS202015","US","HZ Hosting Ltd","92","HZ Na21","48462","socks5","38","1","2022-12-16T23:09:49.020Z","99","552","556"
"93.116.57.4","elite","AS8926","MD","JSC MOLDTELECOM SA","49","JSC Moldtelecom S.A.","4153","socks4","47","1","2022-12-16T23:09:49.098Z","100","631","634"
"1.20.227.66","elite","AS23969","TH","TOT Public Company Limited","159","TOT Mobile Co LTD","4145","socks4","44","1","2022-12-16T23:09:48.598Z","100","633","633"
"223.25.98.82","elite","AS9341","ID","PT Indonesia Comnets Plus","204","Sinerginet","5678","socks4","69","1","2022-12-16T23:09:48.351Z","90","558","622"
"119.93.123.229","elite","AS9299","PH","Philippine Long Distance Telephone Co.","258","Philippine Long Distance Telephone Company","4145","socks4","106","1","2022-12-16T23:09:48.570Z","98","603","614"
"185.136.151.252","elite","AS206206","IQ","Kurdistan Net 19","80","N/A","5678","socks4","73","1","2022-12-16T23:09:48.572Z","99","553","557"
"221.215.124.214","elite","AS4837","CN","CNC Group CHINA169 Shandong Province Network","172","N/A","10080","socks5","45","1","2022-12-16T23:09:48.664Z","99","614","621"
"106.14.237.51","elite","AS37963","CN","Hangzhou Alibaba Advertising Co","188","Aliyun Computing Co., LTD","3389","http","49","205","2022-12-16T23:09:48.201Z","98","608","623"
"181.198.32.211","elite","AS27947","EC","Telconet S.A","166","Clientes Quito","4153","socks4","106","1","2022-12-16T23:09:47.225Z","100","594","594"
"185.14.29.42","elite","AS21100","NL","GREENFLOID","11","N/A","30093","socks4","97","1","2022-12-16T23:09:47.702Z","100","609","612"
"168.196.159.141","elite","AS264771","AR","Galared SRL","263","Galared SRL","1080","socks4","53","1","2022-12-16T23:09:47.687Z","91","558","614"
"172.67.209.12","elite","AS13335","CA","Cloudflare, Inc.","11","Cloudflare, Inc.","80","socks5","55","1","2022-12-16T23:09:47.396Z","100","533","533"
"46.227.37.185","elite","AS51155","PL","Telemedian - TB Telecom","38","Telemedian","1088","socks4","50","1","2022-12-16T23:09:47.311Z","99","614","623"
"103.47.93.210","elite","AS134058","IN","Broban Internet Services Pvt.ltd","226","Broban  PVT Ltd.","1080","socks4","68","1","2022-12-16T23:09:47.278Z","100","612","613"
"162.19.7.59","elite","AS16276","FR","OVH SAS","5","OVH","48471","socks5","117","1","2022-12-16T23:09:47.223Z","100","602","603"
"105.213.107.102","elite","AS16637","ZA","MTN SA","189","MTN SA","5678","socks4","151","1","2022-12-16T23:09:47.177Z","91","547","598"
"201.48.62.65","elite","AS16735","BR","ALGAR TELECOM S/A","229","ALGAR TELECOM S/A","4145","socks4","43","1","2022-12-16T23:09:47.801Z","99","551","558"
"46.171.28.162","elite","AS5617","PL","Orange Polska Spolka Akcyjna","33","Orange Polska S.A.","59311","socks4","78","1","2022-12-16T23:09:47.225Z","99","614","622"
"195.210.172.43","elite","AS8359","RU","MTS PJSC","60","InterneyshenelHouse","58350","socks4","300","1","2022-12-16T23:09:46.762Z","100","632","633"
"197.232.43.224","elite","AS36866","KE","Jamii Telecommunications Limited","197","FAIBA","1080","socks4","362","1","2022-12-16T23:09:46.170Z","98","619","633"
"199.188.93.163","elite","AS64200","US","Vivid-hosting LLC","150","Vivid-hosting LLC","9000","socks5","88","1","2022-12-16T23:09:46.659Z","100","603","603"
"51.81.31.168","elite","AS16276","US","OVH SAS","80","OVH US LLC","63897","socks5","285","1","2022-12-16T23:09:46.970Z","92","550","600"
"103.70.159.129","elite","AS133720","IN","speednet","124","N/A","5678","socks4","265","1","2022-12-16T23:09:46.838Z","99","629","634"
"167.172.178.242","elite","AS14061","DE","DigitalOcean, LLC","25","DigitalOcean, LLC","7497","socks5","200","1","2022-12-16T23:09:46.576Z","100","550","550"
"177.85.205.41","elite","AS52554","BR","S. A. da Silva Junior","180","S. A. da Silva Junior","3629","socks4","294","1","2022-12-16T23:09:46.189Z","100","628","629"
"170.80.91.8","elite","AS264820","CR","Corebases S.A","152","Corebases S.A","4145","socks4","79","1","2022-12-16T23:09:46.295Z","99","609","616"
"119.18.147.81","elite","AS45326","BD","BBTS Network","170","N/A","4153","socks4","298","1","2022-12-16T23:09:46.967Z","93","591","633"
"181.31.225.234","anonymous","AS7303","AR","Telecom Argentina S.A","256","Fibertel","3128","http","268","575","2022-12-16T23:09:46.764Z","98","507","515"
"43.248.25.6","elite","AS18103","ID","Neuviz","173","N/A","4145","socks4","250","1","2022-12-16T23:09:46.839Z","99","628","634"
"75.119.205.16","elite","AS26347","US","New Dream Network, LLC","151","New Dream Network, LLC","23456","socks4","428","1","2022-12-16T23:09:46.072Z","100","550","550"
"188.255.245.205","elite","AS52116","RS","Orion Telekom ISP IP Network in Subotica","37","Orion Telekom Tim d.o.o.Beograd","1080","socks4","277","1","2022-12-16T23:09:46.836Z","100","601","601"
"170.254.255.242","elite","AS52584","BR","Connect Fibra","206","Connect Fibra","45816","socks4","81","1","2022-12-16T23:09:46.235Z","95","587","616"
"46.29.229.77","elite","AS47232","CZ","ISP Alliance a.s.","33","Luminet","4145","socks4","446","1","2022-12-16T23:09:46.071Z","100","578","579"
"114.99.14.138","elite","AS4134","CN","Chinanet","216","Chinanet AH","8004","socks5","69","1","2022-12-16T23:09:46.972Z","53","332","632"
"103.208.203.1","elite","AS133275","IN","Gigantic","180","N/A","5678","socks4","44","1","2022-12-16T23:09:45.882Z","99","605","610"
"198.229.231.13","anonymous","AS11062","US","MTCO Communications","92","Service Provider Corporation","8080","http","61","261","2022-12-16T23:09:45.429Z","100","513","513"
"185.162.228.128","elite","AS209242","GB","Cloudflare London, LLC","11","Softconstruct Limited","80","socks4","200","1","2022-12-16T23:09:45.204Z","100","608","610"
"139.59.90.148","elite","AS14061","IN","DIGITALOCEAN","144","DigitalOcean, LLC","57592","socks4","176","1","2022-12-16T23:09:45.299Z","100","629","629"
"177.36.13.65","elite","AS52965","BR","1telecom Servicos De Tecnologia EM Internet Ltda","222","L. Augusto","5678","socks4","233","1","2022-12-16T23:09:45.261Z","99","519","525"
"95.78.119.94","elite","AS42116","RU","CJSC \"ER-Telecom Holding\" Naberezhnye Chelny branch","63","JSC \"ER-Telecom Holding\" Naberezhnye Chelny branch","1080","socks5","410","1","2022-12-16T23:09:45.940Z","99","612","618"
"106.52.240.130","elite","AS45090","CN","Shenzhen Tencent Computer Systems Company Limited","211","Tencent cloud computing (Beijing) Co., Ltd.","2080","socks4","221","1","2022-12-16T23:09:45.262Z","94","518","550"
"172.64.130.68","elite","AS13335","US","Cloudflare, Inc.","1","Cloudflare, Inc.","80","socks4","249","1","2022-12-16T23:09:45.155Z","100","614","615"
"202.157.76.67","anonymous","AS17753","IN","Data Infosys Ltd","151","N/A","3129","http","107","444","2022-12-16T23:09:44.840Z","100","514","516"
"103.109.59.209","elite","AS137449","BD","Kamrul Hasan John","185","N/A","1080","socks4","43","1","2022-12-16T23:09:44.601Z","96","571","597"
"78.46.45.16","elite","AS24940","DE","Hetzner Online GmbH","16","Hetzner","30509","socks4","429","1","2022-12-16T23:09:44.075Z","100","608","609"
"81.162.199.93","elite","AS34955","CZ","Martin Vicenik","27","VicenikRoute","4153","socks4","134","1","2022-12-16T23:09:44.274Z","100","628","628"
"43.153.174.197","elite","AS132203","JP","Shenzhen Tencent Computer Systems Company Limited","252","Tencent Cloud Computing","443","socks5","94","1","2022-12-16T23:09:44.482Z","87","515","590"
"46.105.108.208","elite","AS16276","FR","OVH SAS","4","OVH ISP","28477","socks5","316","1","2022-12-16T23:09:44.996Z","100","629","629"
"187.155.218.135","elite","AS8151","MX","Uninet S.A. de C.V.","117","Uninet S.A. de C.V.","8081","socks5","85","1","2022-12-16T23:09:44.480Z","89","562","633"
"181.66.37.210","elite","AS6147","PE","Telefonica del Peru S.A.A.","191","Telefonica del Peru S.A.A","4153","socks4","223","1","2022-12-16T23:09:44.067Z","91","527","582"
"66.33.213.3","elite","AS26347","US","New Dream Network, LLC","78","New Dream Network, LLC","15891","socks5","120","1","2022-12-16T23:09:44.481Z","100","614","615"
"85.135.95.218","elite","AS30764","CZ","PODA a.s.","27","PODA","4145","socks4","184","1","2022-12-16T23:09:44.068Z","100","633","633"
"180.241.252.242","elite","AS7713","ID","PT. TELKOM INDONESIA","182","N/A","8080","socks4","228","1","2022-12-16T23:09:44.065Z","82","420","512"
"103.105.40.1","elite","AS137143","IN","Minnal Digital Network Private Limited","170","Minnal Digital Network Private Limited","4145","socks4","87","1","2022-12-16T23:09:44.403Z","99","569","572"
"36.95.35.49","elite","AS7713","ID","PT. Telekomunikasi Indonesia","195","Telekomunikasi Indonesia","5678","socks4","114","1","2022-12-16T23:09:44.069Z","99","606","614"
"122.248.46.26","elite","AS45325","ID","PT PC24 Cyber Indonesia","178","N/A","4145","socks4","56","1","2022-12-16T23:09:44.832Z","100","613","614"
"27.123.1.37","elite","AS45706","ID","PT Tele Globe Global","165","N/A","4153","socks4","217","1","2022-12-16T23:09:44.066Z","99","613","619"
"167.71.184.82","elite","AS14061","US","DigitalOcean, LLC","78","DigitalOcean, LLC","37908","socks4","281","1","2022-12-16T23:09:44.278Z","100","532","532"
"180.180.216.90","elite","AS23969","TH","TOT Public Company Limited","164","TOT Public Company Limited","5678","socks4","144","1","2022-12-16T23:09:44.236Z","93","515","551"
"54.38.195.161","elite","AS16276","PL","OVH SAS","30","OVH Sp. z o. o","63851","socks5","62","1","2022-12-16T23:09:44.273Z","100","630","630"
"197.232.39.208","elite","AS36866","KE","FAIBA","191","N/A","14880","socks4","166","1","2022-12-16T23:09:44.068Z","91","579","634"
"80.191.46.60","elite","AS58224","IR","Telecommunication Company of Iran","94","Telecommunication Company of Tehran","1080","socks4","53","1","2022-12-16T23:09:44.600Z","98","610","620"
"105.213.115.76","elite","AS16637","ZA","MTN SA","185","MTN SA","5678","socks4","191","1","2022-12-16T23:09:43.416Z","81","445","551"
"143.198.49.49","elite","AS14061","US","DigitalOcean, LLC","146","DigitalOcean, LLC","3240","socks5","443","1","2022-12-16T23:09:43.408Z","100","586","586"
"159.192.233.69","elite","AS131090","TH","CAT-BB","197","N/A","4145","socks5","607","1","2022-12-16T23:09:43.271Z","74","443","600"
"103.124.137.251","elite","AS138089","ID","Global Media Data Prima","186","N/A","1080","socks4","376","1","2022-12-16T23:09:43.412Z","94","544","577"
"109.86.219.179","elite","AS13188","UA","Triolan","49","N/A","55489","socks4","258","1","2022-12-16T23:09:43.413Z","93","581","624"
"61.7.138.57","elite","AS131090","TH","CAT Telecom Public Company Limited","168","National Telecom Public Company Limited","5678","socks4","49","1","2022-12-16T23:09:43.544Z","83","462","555"
"94.181.48.110","anonymous","AS21353","RU","Enforta-MSK","84","N/A","1256","http","978","280","2022-12-16T23:09:43.275Z","99","536","539"
"103.23.102.129","elite","AS58400","ID","Universitas Negeri Semarang, y","173","UNNES","4145","socks4","825","1","2022-12-16T23:09:43.190Z","100","631","632"
"43.239.75.102","elite","AS133443","BD","COL","205","N/A","4145","socks4","860","2","2022-12-16T23:09:43.104Z","98","613","627"
"91.121.210.56","elite","AS16276","FR","OVH SAS","5","OVH ISP","24859","socks4","143","1","2022-12-16T23:09:43.657Z","98","507","518"
"41.225.229.55","elite","AS37671","TN","3S INF","76","ATI - Agence Tunisienne Internet","1080","socks4","862","1","2022-12-16T23:09:43.189Z","99","578","581"
"158.69.52.218","elite","AS16276","CA","OVH SAS","82","OVH Hosting, Inc.","9300","http","55","255","2022-12-16T23:09:43.819Z","99","550","555"
"125.16.134.218","elite","AS9498","IN","Bharti Airtel","135","Ishan Netsol PVT Ltd.","8291","socks4","425","1","2022-12-16T23:09:43.409Z","98","598","610"
"49.0.42.114","elite","AS38744","BD","Always On Network Bangladesh Ltd.","156","Always On Network Bangladesh Ltd","10801","socks4","339","1","2022-12-16T23:09:43.412Z","99","589","596"
"202.137.141.26","elite","AS9873","LA","Lao Telecommunication Co Ltd","234","Laotelecom","5678","socks4","134","1","2022-12-16T23:09:43.417Z","99","625","632"
"36.37.251.171","elite","AS38623","KH","VIETTEL (CAMBODIA) PTE., LTD","228","Viettel (cambodia) Pte., Ltd.","5678","socks4","590","1","2022-12-16T23:09:43.272Z","95","590","620"
"125.46.179.58","elite","AS4837","CN","CNC Group CHINA169 Henan Province Network","198","N/A","44844","socks5","962","1","2022-12-16T23:09:43.101Z","60","364","610"
"139.255.86.226","elite","AS9905","ID","PT. LINKNET","185","N/A","5678","socks4","226","1","2022-12-16T23:09:43.414Z","99","626","633"
"66.29.128.246","elite","AS22612","US","Namecheap, Inc.","132","Namecheap, Inc.","61590","socks5","214","1","2022-12-16T23:09:43.415Z","100","516","518"
"186.224.225.26","elite","AS53171","BR","Path Telecom S.A.","225","Omni Telecomunicacoes Ltda","42648","socks4","811","1","2022-12-16T23:09:43.191Z","100","627","630"
"66.29.128.243","elite","AS22612","US","Namecheap, Inc.","132","Namecheap, Inc.","57074","socks4","240","1","2022-12-16T23:09:43.414Z","100","586","586"
"45.63.70.67","elite","AS20473","US","The Constant Company","98","Vultr Holdings, LLC","29313","socks4","191","1","2022-12-16T23:09:43.936Z","100","538","539"
"45.7.177.180","elite","AS266626","BR","Litoral Telecom","200","Litoral Telecom","39867","socks4","61","1","2022-12-16T23:09:43.418Z","97","595","616"
"158.140.160.86","elite","AS63859","ID","MYREPUBLIC","302","N/A","10808","socks4","884","1","2022-12-16T23:09:43.103Z","98","575","586"
"46.23.141.142","elite","AS51968","CZ","NEOS","22","N/A","5678","socks4","401","1","2022-12-16T23:09:43.410Z","94","597","633"
"104.255.170.63","elite","AS397373","US","H4Y Technologies LLC","153","N/A","60899","socks5","61","1","2022-12-16T23:09:42.942Z","99","627","634"
"91.93.42.116","anonymous","AS34984","TR","Superonline Iletisim Hizmetleri A.S.","61","Telekom19 Telekominikasyon Teknoloji Bilisim Hizmetleri Sanayi VE Ticaret Ltd.","10001","http","933","541","2022-12-16T23:09:42.738Z","100","515","515"
"61.7.184.130","elite","AS131090","TH","CAT Telecom Public Company Limited","203","National Telecom Public Company Limited","4153","socks4","886","1","2022-12-16T23:09:42.192Z","97","613","634"
"186.251.255.93","elite","AS267513","BR","Seanet Telecom Carazinho Eireli","216","Seanet Telecom Carazinho Eireli","31337","socks4","911","1","2022-12-16T23:09:42.408Z","99","613","617"
"194.58.104.111","elite","AS197695","RU","\"Domain names registrar REG.RU\", Ltd","45","Reg.Ru","7497","socks5","128","1","2022-12-16T23:09:42.414Z","95","603","632"
"62.33.235.42","elite","AS20485","RU","Joint Stock Company TransTeleCom","53","DataLine","4153","socks4","975","1","2022-12-16T23:09:42.405Z","99","626","630"
"104.16.108.234","elite","AS13335","CA","Cloudflare, Inc.","1","Cloudflare, Inc.","80","socks4","250","1","2022-12-16T23:09:42.046Z","100","620","620"
"185.32.44.161","elite","AS200154","AZ","Izone LLC","85","IZONE Network Broadband Services","4153","socks4","923","1","2022-12-16T23:09:42.736Z","100","629","629"
"103.19.58.113","anonymous","AS132637","ID","BITSNET","168","N/A","8080","http","1045","439","2022-12-16T23:09:42.195Z","97","608","627"
"103.38.102.243","elite","AS38524","ID","LAXONET","193","N/A","5678","socks4","894","1","2022-12-16T23:09:42.737Z","97","613","634"
"202.141.233.166","elite","AS9260","PK","Multinet Broadband","157","Multinet Broadband","4673","socks4","213","1","2022-12-16T23:09:42.049Z","92","547","595"
"190.242.118.92","anonymous","AS23520","CO","Columbus Networks USA, Inc.","130","Columbus Networks Colombia","55443","http","1028","3206","2022-12-16T23:09:42.739Z","99","606","613"
"27.116.61.15","elite","AS55636","KH","TPLC Holdings Ltd","184","Tplc","5678","socks4","884","1","2022-12-16T23:09:42.410Z","88","537","613"
"46.101.99.250","elite","AS14061","DE","DigitalOcean, LLC","25","Digital Ocean","56632","socks5","44","1","2022-12-16T23:09:42.111Z","100","608","609"
"43.239.75.189","elite","AS133443","BD","COL","205","N/A","4145","socks4","872","1","2022-12-16T23:09:42.193Z","98","608","622"
"172.67.105.234","elite","AS13335","CA","Cloudflare, Inc.","11","Cloudflare, Inc.","80","socks5","73","1","2022-12-16T23:09:42.802Z","100","616","616"
"67.168.245.6","elite","AS7922","US","Comcast Cable Communications, LLC","166","Comcast Cable Communications, IP Services","48331","socks4","945","1","2022-12-16T23:09:42.407Z","100","543","543"
"202.150.164.146","elite","AS45725","ID","PT. KINGS NETWORK INDONESIA","181","N/A","5678","socks4","90","1","2022-12-16T23:09:41.635Z","98","510","518"
"51.79.50.22","elite","AS16276","CA","OVH SAS","83","OVH Hosting, Inc.","9300","http","776","619","2022-12-16T23:09:41.001Z","99","515","519"
"137.110.161.153","elite","AS7377","US","University of California, San Diego","140","University of California, San Diego","80","socks4","178","1","2022-12-16T23:09:41.720Z","100","615","615"
"165.225.24.50","elite","AS62044","DE","Zscaler Switzerland GmbH","10","Zscaler, Inc.","10007","socks4","626","1","2022-12-16T23:09:41.353Z","100","612","612"
"103.79.152.202","elite","AS131111","ID","MORATELINDO","163","Moratelindo","5678","socks4","762","1","2022-12-16T23:09:41.625Z","99","574","582"
"46.101.103.161","elite","AS14061","DE","DigitalOcean, LLC","22","Digital Ocean","35623","socks5","638","1","2022-12-16T23:09:41.185Z","100","518","518"
"176.214.97.13","anonymous","AS21353","RU","Enforta-MSK","75","N/A","8081","https","161","135","2022-12-16T23:09:41.547Z","100","634","634"
"190.216.56.1","elite","AS265758","AR","Cooperativa De Obras Y Servicios Publicos De Despenaderos Limitada","237","Level 3 Argentina S.A","4153","socks4","351","1","2022-12-16T23:09:41.902Z","100","632","633"
"36.89.218.67","elite","AS7713","ID","PT. Telekomunikasi Indonesia","200","Telekomunikasi Indonesia","1080","socks4","203","1","2022-12-16T23:09:41.631Z","96","537","558"
"77.192.165.202","elite","AS15557","FR","Societe Francaise Du Radiotelephone - SFR SA","20","N9uf PRO","5678","socks4","948","1","2022-12-16T23:09:41.195Z","100","589","589"
"177.64.31.243","elite","AS28573","BR","Claro NXT Telecomunicacoes Ltda","246","Claro NXT Telecomunicacoes Ltda","5678","socks4","749","1","2022-12-16T23:09:41.627Z","99","630","635"
"93.105.171.100","elite","AS29314","PL","Vectra S.A","42","Core Net. Broadband","4153","socks4","616","1","2022-12-16T23:09:41.334Z","100","622","623"
"88.198.219.62","elite","AS24940","DE","Hetzner Online GmbH","15","Hetzner","80","socks4","942","1","2022-12-16T23:09:41.192Z","100","558","559"
"138.201.125.229","elite","AS24940","DE","Hetzner Online GmbH","18","Hetzner","8118","http","825","1141","2022-12-16T23:09:41.275Z","99","510","513"
"161.97.97.231","elite","AS51167","DE","Contabo GmbH","13","Contabo GmbH","10050","socks4","412","1","2022-12-16T23:09:41.351Z","90","569","634"
"31.146.60.54","elite","AS35805","GE","JSC \"Silknet\"","82","Silknet Gpon","8080","socks4","623","1","2022-12-16T23:09:41.186Z","100","556","556"
"58.246.245.122","elite","AS17621","CN","CNC Group CHINA169 Shanghai Province Network","250","N/A","4153","socks4","362","1","2022-12-16T23:09:41.901Z","100","632","633"
"184.154.92.35","elite","AS32475","US","SingleHop LLC","99","SingleHop LLC","2222","socks5","995","1","2022-12-16T23:09:41.195Z","86","513","599"
"117.195.95.126","elite","AS9829","IN","BSNL Internet","191","N/A","5678","socks4","122","1","2022-12-16T23:09:41.634Z","16","95","582"
"177.12.177.21","elite","AS263033","BR","Linxbr Telecomunicacoes Ltda","192","Linxbr Telecomunicacoes Ltda","4153","socks4","808","1","2022-12-16T23:09:41.894Z","100","585","586"
"43.128.105.117","anonymous","AS132203","SG","Aceville Pte.ltd","322","N/A","3128","http","329","786","2022-12-16T23:09:41.335Z","100","512","514"
"82.114.99.202","anonymous","AS21353","RU","Tehdilinvest Company","44","ArtCommunications Ltd.","1256","https","538","683","2022-12-16T23:09:40.161Z","99","578","581"
"212.175.191.174","elite","AS9121","TR","Turk Telekomunikasyon Anonim Sirketi","62","Hiznet Telekomunikasyon","4153","socks4","133","1","2022-12-16T23:09:40.159Z","100","529","530"
"84.238.244.85","elite","AS47402","BG","Multimedia","39","Multimedia BG EOOD","4145","socks4","107","1","2022-12-16T23:09:40.160Z","99","626","633"
"197.251.236.227","elite","AS29614","GH","Vodafone Ghana AS International Transit","135","ADSL FBB static IP","5678","socks4","323","1","2022-12-16T23:09:40.159Z","100","578","580"
"178.212.55.61","elite","AS197025","PL","Lubuskie Sieci Swiatlowodowe Sp. z o. o.","36","Lubuskie Sieci Swiatlowodowe Sp. z o. o","1080","socks4","899","1","2022-12-16T23:09:40.707Z","96","593","620"
"125.141.139.60","elite","AS4766","KR","Korea Telecom","215","KORNET","5566","socks4","499","1","2022-12-16T23:09:40.157Z","80","504","628"
"95.216.181.107","elite","AS24940","FI","Hetzner Online GmbH","34","HETZNER-DC","9080","socks4","119","1","2022-12-16T23:09:40.160Z","100","634","634"
"45.71.196.79","anonymous","AS265828","AR","Infomaster S.R.L.","209","Infomaster S.R.L","999","http","762","504","2022-12-16T23:09:40.694Z","98","507","515"
"200.46.30.210","elite","AS21599","PA","Cable Onda","314","Cable Onda","4153","socks4","279","1","2022-12-16T23:09:40.158Z","95","600","632"
"211.137.33.22","elite","AS56044","CN","China Mobile communications corporation","292","China Mobile Communications Corporation","80","socks5","927","1","2022-12-16T23:09:40.712Z","95","549","575"
"5.135.248.140","elite","AS16276","PL","OVH SAS","42","IQgroup Adam Buhl","45952","socks4","960","1","2022-12-16T23:09:40.711Z","99","568","572"
"119.115.28.112","elite","AS4837","CN","CNC Group CHINA169 Liaoning Province Network","186","N/A","3128","socks4","74","1","2022-12-16T23:09:40.159Z","92","531","577"
"177.66.59.130","elite","AS28198","BR","Sempre Telecomunicacoes Ltda","222","Sempre Telecomunicacoes Ltda","4153","socks4","512","1","2022-12-16T23:09:40.156Z","86","480","560"
"190.242.118.93","anonymous","AS23520","CO","Columbus Networks USA, Inc.","129","Columbus Networks Colombia","55443","http","949","303","2022-12-16T23:09:40.162Z","99","606","614"
"102.66.231.66","elite","AS328471","ZA","HERO TELECOMS (PTY) LTD","228","Herotel","5678","socks4","1178","1","2022-12-16T23:09:39.097Z","54","311","579"
"181.48.70.30","elite","AS14080","CO","Telmex Colombia S.A.","146","Telmex Colombia S.A.","4153","socks4","1196","1","2022-12-16T23:09:39.310Z","98","622","634"
"92.222.237.95","elite","AS16276","FR","OVH SAS","5","LCC LCC","8898","socks4","1006","1","2022-12-16T23:09:39.856Z","100","598","598"
"101.109.247.173","elite","AS23969","TH","TOT Public Company Limited","152","TOT Public Company Limited","4145","socks4","1156","1","2022-12-16T23:09:39.311Z","84","517","616"
"170.254.255.241","elite","AS52584","BR","Connect Fibra","209","Connect Fibra","45816","socks4","1247","1","2022-12-16T23:09:39.096Z","97","607","629"
"86.57.181.122","elite","AS6697","BY","Republican Unitary Telecommunication Enterprise Beltelecom","59","Byfly Vitebsk","51801","socks4","987","1","2022-12-16T23:09:39.537Z","90","561","623"
"188.166.239.48","elite","AS14061","SG","DigitalOcean, LLC","156","Digitalocean","3128","socks4","1124","1","2022-12-16T23:09:39.312Z","100","595","596"
"190.109.72.237","elite","AS264231","BR","RG.COM - INFORMATICA & COMUNICACAO LTDA - ME","189","RG.COM - INFORMATICA & COMUNICACAO LTDA - ME","33633","socks4","1141","1","2022-12-16T23:09:39.312Z","98","593","606"
"177.105.68.131","elite","AS262637","BR","Netprimus Tecnologia Ltda","193","Netprimus Tecnologia Ltda","4153","socks4","1262","1","2022-12-16T23:09:39.095Z","99","628","632"
"177.184.67.97","elite","AS52898","BR","Multipla Serviços Inteligentes","233","Multipla Serviços Inteligentes","4145","socks4","1106","1","2022-12-16T23:09:39.313Z","100","612","613"
"103.101.231.125","elite","AS17451","ID","Biznet Networks","176","PT Biznet Multi Media","5678","socks4","1206","1","2022-12-16T23:09:39.096Z","67","407","603"
"27.106.84.186","elite","AS45194","IN","Syscon Infoway Pvt. Ltd","122","Syscon Infoway Pvt. Ltd.","4153","socks4","974","1","2022-12-16T23:09:39.538Z","99","628","633"
"89.237.32.33","elite","AS20485","RU","multi-origin SUTTK","75","N/A","51549","socks4","1283","1","2022-12-16T23:09:39.094Z","100","592","592"
"45.7.177.178","elite","AS266626","BR","Litoral Telecom","196","Litoral Telecom","39867","socks4","974","1","2022-12-16T23:09:39.857Z","97","563","580"
"221.167.75.138","elite","AS4766","KR","Korea Telecom","213","Kornet","5156","socks4","1066","1","2022-12-16T23:09:39.314Z","99","555","558"
"103.115.255.129","elite","AS137868","BD","Star Internet Service","162","Md. Murad Hossain Ripon","36331","socks4","939","1","2022-12-16T23:09:39.538Z","91","559","611"
"176.62.188.158","elite","AS42291","RU","OOO Istranet","51","OOO Istranet","3629","socks4","1184","1","2022-12-16T23:09:39.311Z","100","630","632"
"185.102.236.16","elite","AS203877","RS","Astra Telekom DOO Beograd","196","Astra Telekom DOO Beograd","5678","socks4","961","1","2022-12-16T23:09:39.858Z","90","556","617"
"185.132.1.221","elite","AS203447","UA","Miratel Ltd","44","Miratel Ltd","4145","socks4","1012","1","2022-12-16T23:09:39.537Z","94","588","623"
"51.38.99.136","elite","AS16276","DE","OVH SAS","10","OVH GmbH","3128","socks4","610","1","2022-12-16T23:09:39.323Z","100","630","630"
"115.127.75.26","elite","AS24342","BD","BRACNet Limited","159","bracNet","7777","socks4","1050","1","2022-12-16T23:09:39.536Z","95","602","634"
"203.215.181.218","elite","AS17787","PK","Pakistan Software Export Board","147","Pakistan Software","36342","socks4","1185","1","2022-12-16T23:09:38.222Z","99","614","618"
"50.96.204.4","elite","AS7029","US","Windstream Communications LLC","109","Windstream Communications LLC","18351","socks4","748","1","2022-12-16T23:09:38.162Z","99","592","595"
"43.153.177.137","elite","AS132203","JP","Shenzhen Tencent Computer Systems Company Limited","251","Tencent Cloud Computing","443","socks4","920","1","2022-12-16T23:09:38.016Z","77","463","598"
"43.153.55.205","elite","AS132203","US","Shenzhen Tencent Computer Systems Company Limited","147","Tencent Cloud Computing","443","socks5","525","1","2022-12-16T23:09:38.114Z","33","192","586"
"135.181.140.218","elite","AS24940","FI","Hetzner Online GmbH","39","Hetzner","31723","socks4","298","1","2022-12-16T23:09:38.035Z","100","627","627"
"183.89.114.69","elite","AS45629","TH","Triple T Broadband Public Company Limited","180","Triple T Broadband Public Company Limited","8080","socks4","734","1","2022-12-16T23:09:38.111Z","98","505","513"
"209.159.153.20","elite","AS19318","US","Interserver, Inc","73","Interserver, Inc","26688","socks4","1218","1","2022-12-16T23:09:38.221Z","100","628","631"
"59.45.13.219","elite","AS4134","CN","Chinanet","173","Chinanet LN","3629","socks4","1240","1","2022-12-16T23:09:38.717Z","98","568","581"
"157.185.160.74","elite","AS54994","US","Quantil Networks Inc","78","Quantil Networks Inc","26589","socks5","937","1","2022-12-16T23:09:38.034Z","100","512","513"
"103.4.118.130","elite","AS38203","BD","ADN Telecom Ltd.","245","ADN Telecom Limited.","5678","socks4","1208","1","2022-12-16T23:09:38.717Z","83","527","634"
"102.66.232.122","elite","AS328471","ZA","HERO TELECOMS (PTY) LTD","431","Herotel","5678","socks4","53","1","2022-12-16T23:09:38.538Z","83","501","602"
"119.8.27.130","elite","AS136907","HK","Huawei International Pte. LTD","260","N/A","1080","socks5","1154","1","2022-12-16T23:09:38.222Z","100","514","514"
"106.45.220.12","elite","AS4134","CN","Chinanet","204","Chinanet HN","3256","socks4","537","1","2022-12-16T23:09:38.174Z","98","504","515"
"95.158.139.61","elite","AS62386","BG","ASPI-LINK","56","N/A","10801","socks4","1260","1","2022-12-16T23:09:37.923Z","97","536","555"
"89.22.106.31","elite","AS45031","DE","dogado GmbH","12","CloudPit","11735","socks5","566","1","2022-12-16T23:09:37.972Z","93","484","518"
"203.24.103.8","elite","AS209242","VG","Cloudflare London, LLC","11","Anaga Consulting Limited","80","socks4","1258","1","2022-12-16T23:09:37.262Z","100","531","532"
"64.25.54.2","elite","AS35977","US","Amdocs Inc.","129","Amdocs Inc","45160","socks4","1171","1","2022-12-16T23:09:37.518Z","100","514","514"
"125.75.127.222","elite","AS4134","CN","Chinanet","199","Chinanet GS","1111","socks5","1164","1","2022-12-16T23:09:37.241Z","93","534","576"
"89.107.197.165","elite","AS40993","RU","LLC TK Altair","56","LLC TK Altair","3128","http","962","1445","2022-12-16T23:09:37.243Z","99","510","517"
"93.171.224.47","elite","AS211570","UA","PE TV and Radio Company Kentavr-TV","51","PE TV and Radio Company Kentavr-TV","4153","socks4","781","1","2022-12-16T23:09:37.996Z","99","591","600"
"140.250.92.253","elite","AS4134","CN","Chinanet","217","Chinanet SD","1080","socks4","1220","1","2022-12-16T23:09:37.267Z","92","566","614"
"196.15.237.171","elite","AS5713","ZA","Telkom SA Ltd.","234","Telkom SA Ltd","1888","socks4","1111","1","2022-12-16T23:09:37.927Z","80","445","556"
"212.39.114.139","elite","AS20875","BA","HT d.o.o. Mostar","38","Htnet","5678","socks4","1226","1","2022-12-16T23:09:37.263Z","99","630","634"
"36.255.104.9","elite","AS136238","MV","SatLink Pvt Ltd","165","N/A","1080","socks4","924","1","2022-12-16T23:09:37.788Z","100","631","633"
"45.234.100.112","elite","AS61592","BR","Fortlink Internet Corporativa","185","Fortlink Internet Corporativa","1080","socks4","1160","1","2022-12-16T23:09:37.925Z","100","575","577"
"104.21.85.109","elite","AS13335","CA","Cloudflare, Inc.","15","Cloudflare, Inc.","80","socks4","550","1","2022-12-16T23:09:37.990Z","100","594","594"
"185.208.175.40","anonymous","AS60631","IR","Pars Parva System Ltd","108","N/A","3133","http","1212","2784","2022-12-16T23:09:37.789Z","97","501","514"
"46.227.38.1","elite","AS51155","PL","TB Telecom Sp. z o. o.","37","Telemedian","1088","socks4","1226","1","2022-12-16T23:09:37.924Z","100","629","632"
"49.48.147.64","elite","AS45629","TH","Triple T Broadband Public Company Limited","171","Triple T Broadband Public Company Limited","8080","socks4","1000","1","2022-12-16T23:09:37.787Z","98","562","573"
"103.231.200.250","elite","AS133352","ID","PT. Berdikari Prima Mandiri","231","N/A","5678","socks4","1123","1","2022-12-16T23:09:37.926Z","86","501","581"
"51.255.219.244","elite","AS16276","FR","OVH SAS","6","berdin stephane","7497","socks5","904","1","2022-12-16T23:09:37.970Z","100","592","592"
"45.12.31.140","elite","AS209242","GB","Cloudflare London, LLC","15","LIR Services","80","socks4","1212","1","2022-12-16T23:09:37.783Z","100","613","613"
"94.130.182.121","elite","AS24940","DE","Hetzner Online GmbH","12","Hetzner","5566","socks5","1223","1","2022-12-16T23:09:37.499Z","100","620","620"
"36.92.25.98","elite","AS7713","ID","PT. Telekomunikasi Indonesia","179","Telekomunikasi Indonesia","5678","socks4","1240","1","2022-12-16T23:09:37.924Z","98","609","621"
"74.208.65.165","elite","AS8560","US","IONOS SE","106","IONOS Inc","14548","socks4","1198","1","2022-12-16T23:09:36.619Z","96","564","587"
"113.160.227.32","elite","AS45899","VN","VietNam Post and Telecom Corporation","212","Vietnam Posts and Telecommunications Group","1080","socks4","1169","1","2022-12-16T23:09:36.922Z","39","248","632"
"182.180.53.188","anonymous","AS17557","PK","Pakistan Telecommuication company limited","167","N/A","7777","http","840","597","2022-12-16T23:09:36.208Z","89","472","529"
"27.147.144.122","elite","AS23688","BD","Link3 Technologies Limited","271","Corporate Subscriber","4153","socks4","954","1","2022-12-16T23:09:36.207Z","90","536","598"
"140.83.36.112","elite","AS31898","JP","Oracle Corporation","233","Oracle Cloud Infrastructure (ap-tokyo-1)","16725","socks5","992","1","2022-12-16T23:09:36.605Z","83","524","633"
"77.238.123.178","elite","AS43754","IR","Asiatech Data Transmission company","110","Asiatech Data Transmission company","8001","socks4","1100","1","2022-12-16T23:09:36.226Z","96","605","631"
"125.228.94.199","elite","AS3462","TW","Chunghwa Telecom Co., Ltd.","211","Chunghwa Telecom Co. Ltd.","4145","socks4","1005","1","2022-12-16T23:09:36.604Z","28","147","518"
"36.90.63.55","elite","AS7713","ID","PT. Telekomunikasi Indonesia","176","Telekomunikasi Indonesia","4145","socks4","1134","1","2022-12-16T23:09:36.226Z","90","512","571"
"43.153.172.76","elite","AS132203","JP","Shenzhen Tencent Computer Systems Company Limited","228","Tencent Cloud Computing","443","socks5","1172","1","2022-12-16T23:09:36.620Z","62","369","597"
"190.186.18.161","anonymous","AS25620","BO","Cotas Ltda.","194","Adsl-ip-fija - Generico","999","http","928","672","2022-12-16T23:09:36.606Z","98","607","618"
"113.160.203.118","elite","AS45899","VN","VietNam Post and Telecom Corporation","199","Vietnam Posts and Telecommunications Group","5678","socks4","1200","1","2022-12-16T23:09:36.224Z","100","632","634"
"125.141.133.99","elite","AS4766","KR","Korea Telecom","228","Korea Telecom","5566","socks4","1113","1","2022-12-16T23:09:36.924Z","82","498","606"
"80.155.35.142","elite","AS3320","DE","Deutsche Telekom AG","20","MVZ Labor Moebius","30001","socks5","1155","1","2022-12-16T23:09:36.923Z","100","544","545"
"37.1.211.58","elite","AS29802","US","DARL-TELECOM","94","ISPIRIA Networks Ltd","1080","socks4","1164","1","2022-12-16T23:09:36.222Z","97","582","601"
"176.97.218.48","anonymous","AS60631","IR","Pars Parva System LLC","97","Vandad Vira Hooman LLC","3128","http","915","671","2022-12-16T23:09:36.606Z","97","499","517"
"172.67.181.234","elite","AS13335","CA","Cloudflare, Inc.","15","Cloudflare, Inc.","80","socks4","1213","1","2022-12-16T23:09:36.617Z","100","511","511"
"176.58.20.54","elite","AS198230","PL","E-Cho Sp. z o.o.","37","E-CHO","4153","socks4","1057","1","2022-12-16T23:09:36.603Z","100","627","629"
"181.209.124.10","anonymous","AS52361","AR","ARSAT - Empresa Argentina de Soluciones Satelitales S.A","232","Fiorani Alejandro","999","http","1198","5291","2022-12-16T23:09:35.115Z","99","609","613"
"198.251.79.65","elite","AS8560","US","IONOS SE","110","IONOS Inc","3128","socks4","1184","1","2022-12-16T23:09:35.806Z","100","600","600"
"178.49.234.94","elite","AS31200","RU","Novotelecom Ltd.","97","Novotelecom ltd.","5678","socks4","1236","1","2022-12-16T23:09:35.147Z","100","613","614"
"177.125.206.169","elite","AS262346","BR","FP Telecomunicacoes Ltda","204","FP Telecomunicacoes Ltda","4145","socks4","1060","1","2022-12-16T23:09:35.149Z","59","316","539"
"38.127.179.230","elite","AS174","US","Cogent Communications","81","Torlandia Trading SRL","46656","socks4","1185","1","2022-12-16T23:09:35.148Z","100","566","567"
"103.137.110.153","anonymous","AS138829","ID","PT. Capoeng Digital Nusantara","189","N/A","99","http","1085","701","2022-12-16T23:09:35.807Z","97","502","517"
"45.249.79.105","elite","AS18229","IN","Tejasri Communications","126","N/A","3629","socks4","953","1","2022-12-16T23:09:35.116Z","100","632","633"
"43.134.234.74","elite","AS132203","SG","Aceville Pte.ltd","327","N/A","443","socks5","1098","1","2022-12-16T23:09:35.149Z","60","361","603"
"188.95.20.139","elite","AS198471","IT","Linkem IR WiMAX Network","38","N/A","5678","socks4","983","1","2022-12-16T23:09:35.116Z","96","499","519"
"93.105.40.62","elite","AS29314","PL","Vectra S.A. BUSINESS P2P CONNECTIONS","38","Vectra S.A.","41258","http","1316","616","2022-12-16T23:09:35.114Z","99","515","518"
"115.124.79.91","anonymous","AS38511","ID","PT Remala Abadi","164","N/A","8080","http","1328","616","2022-12-16T23:09:35.114Z","100","512","514"
"190.205.42.44","elite","AS8048","VE","CANTV Servicios, Venezuela","167","CANTV Servicios, Venezuela","1080","socks4","904","1","2022-12-16T23:09:35.424Z","98","623","633"
"103.30.0.5","elite","AS131778","ID","PT. Dian Nuswantoro Teknologi","201","N/A","4145","socks4","875","1","2022-12-16T23:09:35.785Z","100","595","595"
"105.213.117.42","elite","AS16637","ZA","MTN SA","187","MTN SA","5678","socks4","933","1","2022-12-16T23:09:35.423Z","97","565","585"
"23.94.47.24","elite","AS36352","US","ColoCrossing","99","RackNerd LLC","32129","socks4","1199","1","2022-12-16T23:09:35.437Z","98","505","513"
"154.113.32.26","anonymous","AS37282","NG","Mainone Cable Company","139","Mainone Cable Company","8080","http","1271","615","2022-12-16T23:09:35.115Z","97","498","516"
"200.115.157.210","elite","AS21599","PA","Cable Onda","141","Cable Onda","4145","socks4","941","1","2022-12-16T23:09:35.784Z","100","613","615"
"101.96.117.169","elite","AS24173","VN","NetNam Corporation","195","NETNAM","1080","socks4","926","1","2022-12-16T23:09:35.116Z","100","633","633"
"186.251.254.253","elite","AS267513","BR","Seanet Telecom Carazinho Eireli","212","Seanet Telecom Carazinho Eireli","31337","socks4","854","1","2022-12-16T23:09:35.117Z","100","628","630"
"147.182.203.142","elite","AS14061","US","DigitalOcean, LLC","146","DigitalOcean, LLC","12345","socks5","1202","1","2022-12-16T23:09:35.805Z","79","435","548"
"45.70.30.196","elite","AS267574","BR","Eltecweb Provedor De Internet Ltda","173","Eltecweb Provedor De Internet Ltda","5566","socks4","1029","1","2022-12-16T23:09:35.112Z","100","619","621"
"50.47.75.214","elite","AS20055","US","Wholesail networks LLC","146","Ziply Fiber","5678","socks4","1181","1","2022-12-16T23:09:34.332Z","100","613","615"
"77.89.204.254","elite","AS25454","MD","Orange Moldova Network","47","N/A","4145","socks4","1245","1","2022-12-16T23:09:34.330Z","99","628","633"
"190.152.151.110","elite","AS28006","EC","Corporacion Nacional De Telecomunicaciones - CNT EP","183","Corporacion Nacional De Telecomunicaciones - CNT EP","4673","socks4","1184","1","2022-12-16T23:09:34.714Z","99","627","632"
"43.130.199.254","elite","AS132203","CA","Shenzhen Tencent Computer Systems Company Limited","93","Tencent Cloud Computing","443","socks4","1341","1","2022-12-16T23:09:34.008Z","23","135","590"
"93.19.123.228","elite","AS15557","FR","LDCOM","4","SFR SA","3128","socks5","1127","1","2022-12-16T23:09:34.715Z","93","525","565"
"103.205.128.33","elite","AS134850","IN","WAY 2 INTERNET PRIVATE LIMITED","110","WAY 2 Internet Private Limited","4303","socks4","967","1","2022-12-16T23:09:34.746Z","100","598","598"
"31.11.172.54","elite","AS29314","PL","Vectra S.A. BUSINESS P2P CONNECTIONS","50","Vectra S.A","4153","socks4","1286","1","2022-12-16T23:09:34.329Z","100","613","613"
"222.221.247.114","elite","AS4134","CN","Chinanet","230","Chinanet YN","5678","socks4","966","1","2022-12-16T23:09:34.376Z","92","529","573"
"125.19.99.90","elite","AS9498","IN","Bharti Airtel","128","World Phone  PVT Ltd.","4145","socks4","1115","1","2022-12-16T23:09:34.347Z","100","607","608"
"95.217.120.81","anonymous","AS24940","FI","Hetzner Online GmbH","37","HETZNER-DC","3368","http","1342","725","2022-12-16T23:09:34.333Z","100","512","513"
"103.87.86.146","elite","AS4787","ID","PT Cyberindo Aditama","190","CBN","4153","socks4","1155","1","2022-12-16T23:09:34.715Z","100","631","632"
"103.196.136.158","elite","AS134707","PH","Royal Cablevision Corp.","210","Royal Cablevision Corp","7497","socks5","1021","1","2022-12-16T23:09:34.745Z","100","595","597"
"46.148.163.119","elite","AS197405","PL","Tomkow Sp. z o.o.","34","Tomkow Sp. z o.o","5678","socks4","983","1","2022-12-16T23:09:34.375Z","100","582","582"
"5.189.140.113","elite","AS51167","DE","Contabo GmbH","20","Contabo GmbH","8118","http","1055","565","2022-12-16T23:09:34.007Z","100","514","514"
"190.109.72.41","elite","AS264231","BR","RG.COM - INFORMATICA & COMUNICACAO LTDA - ME","187","RG.COM - INFORMATICA & COMUNICACAO LTDA - ME","33633","socks4","1371","1","2022-12-16T23:09:33.695Z","99","507","512"
"37.152.171.47","elite","AS198569","IR","Rahanet Zanjan Co. (Private Joint-Stock)","206","Rahanet Zanjan Co.","4153","socks4","1439","1","2022-12-16T23:09:33.395Z","57","327","578"
"51.222.29.254","elite","AS16276","CA","OVH SAS","85","OVH Hosting, Inc.","47103","socks4","940","1","2022-12-16T23:09:33.417Z","100","553","554"
"101.51.105.167","elite","AS23969","TH","TOT Public Company Limited","152","TOT Public Company Limited","4145","socks4","1420","1","2022-12-16T23:09:33.396Z","62","360","581"
"143.244.149.59","elite","AS14061","US","DigitalOcean, LLC","81","DigitalOcean, LLC","35887","socks5","917","1","2022-12-16T23:09:33.710Z","100","554","556"
"5.189.130.21","elite","AS51167","DE","Contabo GmbH","17","Contabo GmbH","1080","socks5","1069","1","2022-12-16T23:09:33.080Z","98","602","614"
"190.239.23.33","elite","AS6147","PE","Telefonica del Peru","191","PE-TDPERX5-LACNIC","5678","socks4","1168","1","2022-12-16T23:09:33.076Z","95","546","572"
"103.233.152.202","elite","AS17451","ID","BIZNET","204","N/A","4153","socks4","1314","1","2022-12-16T23:09:33.695Z","100","631","633"
"103.221.253.242","elite","AS135524","BD","Dhaka University","184","university of dhaka","45446","socks4","1392","1","2022-12-16T23:09:33.994Z","94","597","633"
"103.132.124.18","elite","AS138124","ID","Universitas Samudra","174","Universitas Samudra","5678","socks4","965","1","2022-12-16T23:09:33.416Z","93","558","602"
"201.234.24.89","elite","AS265758","AR","Cooperativa De Obras Y Servicios Publicos De Despenaderos Limitada","237","Level 3 Argentina S.A","4153","socks4","1282","1","2022-12-16T23:09:33.703Z","100","587","588"
"168.253.196.6","elite","AS37276","ZA","VOffice Solutions","216","Smartvillage","5678","socks4","1043","1","2022-12-16T23:09:33.413Z","100","607","608"
"114.116.96.118","elite","AS23724","CN","IDC, China Telecommunications Corporation","161","Huawei Public Cloud Service","2080","socks5","912","1","2022-12-16T23:09:33.418Z","99","564","571"
"222.165.234.147","elite","AS24207","ID","PT NettoCyber Indonesia","169","N/A","52667","socks4","1406","1","2022-12-16T23:09:33.694Z","99","630","634"
"51.83.133.132","elite","AS16276","PL","OVH SAS","30","OVH Sp. z o. o","22027","socks5","1090","1","2022-12-16T23:09:33.080Z","100","578","578"
"178.250.70.218","elite","AS51580","IT","Timenet SPA","32","Time-net S.R.L","1088","socks4","1392","1","2022-12-16T23:09:33.397Z","97","617","633"
"203.210.84.198","elite","AS55699","ID","Infrastruktur STARNET","308","STARNET Services","1080","socks4","1255","1","2022-12-16T23:09:33.996Z","95","599","633"
"103.91.52.244","elite","AS133945","BD","Gaibandha Online","206","Gaibandha Online","5678","socks4","854","1","2022-12-16T23:09:33.710Z","99","511","516"
"95.182.123.66","elite","AS202984","RU","Chernyshov Aleksandr Aleksandrovich","46","Ildar Gilmutdinov PE","62134","socks5","1385","1","2022-12-16T23:09:33.694Z","85","435","511"
"45.70.204.233","elite","AS267586","BR","Rafael Pierre Barbosa - Me","185","Rafael Pierre Barbosa - Me","4145","socks4","1380","1","2022-12-16T23:09:33.398Z","100","575","576"
"120.46.155.74","elite","AS55990","CN","Huawei Cloud Service data center","159","Huawei Cloud Service","7890","socks4","1345","1","2022-12-16T23:09:32.585Z","52","297","567"
"147.182.228.141","elite","AS14061","US","DigitalOcean, LLC","146","DigitalOcean, LLC","12345","socks5","1258","1","2022-12-16T23:09:32.611Z","80","474","592"
"180.235.65.13","elite","AS4811","CN","China Telecom (Group)","196","Shanghai Xinjue Information and Technology Co.","80","http","1367","795","2022-12-16T23:09:32.609Z","99","532","539"
"177.105.68.228","elite","AS262637","BR","Netprimus Tecnologia Ltda","192","Netprimus Tecnologia Ltda","4153","socks4","1320","1","2022-12-16T23:09:32.586Z","100","619","622"
"45.233.2.1","elite","AS267303","BR","Centro Oeste Provedor","222","Centro Oeste Provedor","4153","socks4","1269","1","2022-12-16T23:09:32.608Z","100","618","620"
"103.123.249.15","elite","AS131111","ID","PT Mora Telematika Indonesia","158","Cepatnet","5678","socks4","1372","1","2022-12-16T23:09:32.842Z","99","572","575"
"115.127.180.90","elite","AS24342","BD","BRACNet Limited","208","bracNet","5678","socks4","1384","1","2022-12-16T23:09:32.842Z","74","466","632"
"170.254.255.239","elite","AS52584","BR","Connect Fibra","206","Connect Fibra","45816","socks4","1283","1","2022-12-16T23:09:32.587Z","95","578","611"
"180.183.2.61","elite","AS45629","TH","Triple T Broadband Public Company Limited","164","Triple T Broadband Public Company Limited","4145","socks4","1220","1","2022-12-16T23:09:32.859Z","100","578","578"
"104.25.58.39","elite","AS13335","CA","Cloudflare, Inc.","11","Cloudflare, Inc.","80","socks4","1372","1","2022-12-16T23:09:32.607Z","100","518","518"
"31.172.66.22","elite","AS49063","RU","FORNEX","46","Fornex Hosting S.L.","20466","socks4","1333","1","2022-12-16T23:09:32.254Z","100","601","602"
"148.72.65.230","elite","AS26496","US","GoDaddy.com, LLC","134","GoDaddy.com, LLC","59445","socks5","1345","1","2022-12-16T23:09:32.253Z","100","602","602"
"185.105.239.31","elite","AS60631","IR","DorisHost","102","DorisHost","3128","socks4","1397","1","2022-12-16T23:09:32.841Z","100","611","612"
"188.166.217.4","elite","AS14061","SG","DigitalOcean, LLC","163","Digitalocean","20278","socks5","1140","1","2022-12-16T23:09:32.861Z","100","514","516"
"188.40.84.200","elite","AS24940","DE","Hetzner Online GmbH","14","Hetzner","9999","http","1359","713","2022-12-16T23:09:32.861Z","100","513","513"
"185.51.92.103","elite","AS202170","PT","BLU, S.A.","38","SouthNetwork1","51327","socks4","1358","1","2022-12-16T23:09:32.842Z","90","506","560"
"104.21.223.181","elite","AS13335","CA","Cloudflare, Inc.","15","Cloudflare, Inc.","80","socks4","1341","1","2022-12-16T23:09:31.531Z","100","549","549"
"207.180.213.101","elite","AS51167","DE","Contabo GmbH","67","Contabo GmbH","7497","socks5","1434","1","2022-12-16T23:09:31.117Z","100","586","586"
"185.6.10.3","elite","AS12552","SE","GlobalConnect AB","35","Internet Vikings International AB","21619","socks5","1413","1","2022-12-16T23:09:31.118Z","100","557","557"
"176.56.107.227","elite","AS29119","ES","Aire Networks","58","Aire Networks Del Mediterraneo SL Unipersonal","32439","socks5","1406","1","2022-12-16T23:09:31.534Z","65","373","571"
"192.162.160.64","elite","AS56587","UA","Citadel Crimea Ltd.","82","TavridaTelecomRoute","5678","socks4","1385","1","2022-12-16T23:09:31.883Z","95","603","634"
"190.140.31.195","elite","AS18809","PA","Cable Onda","310","PARSA, S.A","9900","socks4","1269","1","2022-12-16T23:09:31.527Z","98","621","633"
"185.25.119.15","elite","AS200000","UA","Hosting Ukraine LTD","44","new Hosting","13959","socks5","1329","1","2022-12-16T23:09:31.531Z","78","434","555"
"111.68.127.58","elite","AS45287","ID","Varnion Technology Semesta","207","Roheda","4153","socks4","1284","1","2022-12-16T23:09:31.885Z","99","574","581"
"61.173.8.108","elite","AS4812","CN","China Telecom (Group)","177","Chinanet SH","4145","socks4","1317","1","2022-12-16T23:09:31.885Z","99","609","617"
"168.227.143.64","elite","AS263735","US","Sociedad Buena Hosting","76","Global Digital DC","10086","socks5","1273","1","2022-12-16T23:09:31.515Z","99","586","589"
"103.251.221.21","elite","AS58972","IN","BHOMIKA","150","Bhomika","4145","socks4","1241","1","2022-12-16T23:09:31.516Z","100","605","607"
"31.170.17.141","elite","AS42099","LV","DNET ITRisinajumi Ltd.","40","Sia Nano IT","4153","socks4","1356","1","2022-12-16T23:09:31.884Z","100","632","633"
"135.181.214.163","elite","AS24940","FI","Hetzner Online GmbH","38","Hetzner","57648","socks4","1356","1","2022-12-16T23:09:31.905Z","100","526","527"
"103.113.152.58","elite","AS45766","BD","Md Ziaul Huque","181","N/A","5678","socks4","1325","1","2022-12-16T23:09:31.535Z","98","606","621"
"50.96.204.48","elite","AS7029","US","Windstream Communications LLC","105","Windstream Communications LLC","18351","socks4","1344","1","2022-12-16T23:09:31.884Z","99","579","582"
"167.99.180.31","elite","AS14061","CA","DigitalOcean, LLC","94","DigitalOcean, LLC","29277","socks4","1358","1","2022-12-16T23:09:30.680Z","100","519","519"
"66.29.128.244","elite","AS22612","US","Namecheap, Inc.","132","Namecheap, Inc.","10995","socks4","765","1","2022-12-16T23:09:30.231Z","100","619","620"
"185.198.56.73","elite","AS60117","RO","HostSailor","43","HostSailor RO Services","47910","socks4","1373","1","2022-12-16T23:09:30.680Z","47","251","530"
"114.233.190.158","elite","AS4134","CN","Chinanet","202","Chinanet JS","9999","socks4","1295","1","2022-12-16T23:09:30.681Z","57","326","570"
"103.28.86.241","elite","AS58504","NP","Alternate ISP","167","N/A","57230","socks4","795","1","2022-12-16T23:09:30.235Z","96","610","633"
"206.189.237.170","elite","AS14061","US","DigitalOcean, LLC","82","Digital Ocean","80","socks4","795","1","2022-12-16T23:09:30.230Z","100","615","615"
"5.189.130.207","elite","AS51167","DE","Contabo GmbH","17","Contabo GmbH","10036","socks4","1367","1","2022-12-16T23:09:30.256Z","93","516","552"
"139.170.229.78","elite","AS4837","CN","China Unicom Qinghai Province Network","285","N/A","7080","socks5","695","1","2022-12-16T23:09:30.233Z","100","600","601"
"190.144.224.182","elite","AS14080","CO","Telmex Colombia S.A.","132","Telmex Colombia S.A.","44550","socks4","868","1","2022-12-16T23:09:30.234Z","100","633","633"
"109.127.82.114","elite","AS21277","IQ","Newroz Telecom","72","N/A","5678","socks4","1332","1","2022-12-16T23:09:30.680Z","100","634","634"
"103.235.227.163","elite","AS56282","CN","Beijing Internet Harbor Technology Co., Ltd","267","Beijing Internet Harbor Technology Co., Ltd","8118","http","709","1970","2022-12-16T23:09:30.677Z","98","503","515"
"102.66.237.58","elite","AS328471","ZA","HERO TELECOMS (PTY) LTD","191","Herotel","5678","socks4","723","1","2022-12-16T23:09:30.232Z","66","416","633"
"24.90.38.88","elite","AS12271","US","Charter Communications Inc","101","Spectrum","48783","socks4","736","1","2022-12-16T23:09:30.232Z","100","581","581"
"148.251.48.208","elite","AS24940","DE","Hetzner Online GmbH","18","Hetzner","30208","socks5","1292","1","2022-12-16T23:09:30.253Z","100","608","610"
"182.75.249.98","elite","AS9498","IN","Bharti Airtel","174","Bharti Airtel Ltd","4145","socks4","1145","1","2022-12-16T23:09:29.386Z","100","619","620"
"118.69.62.229","elite","AS18403","VN","FPT Telecom Company","188","Vietnam Internet Network Information Center","5678","socks4","1214","1","2022-12-16T23:09:29.850Z","97","601","617"
"170.254.255.233","elite","AS52584","BR","Connect Fibra","201","Connect Fibra","45816","socks4","998","1","2022-12-16T23:09:29.800Z","94","539","571"
"47.117.138.120","elite","AS37963","CN","Hangzhou Alibaba Advertising Co., Ltd.","193","Alibaba.com LLC","1080","socks5","1193","1","2022-12-16T23:09:29.414Z","97","553","570"
"103.52.144.242","anonymous","AS147155","ID","PT Bandhawa Tri Tirta","170","N/A","8080","http","1193","697","2022-12-16T23:09:29.387Z","99","515","518"
"189.204.254.186","anonymous","AS18734","MX","Operbes, S.A. de C.V.","143","Operbes, S.A. de C.V","999","http","998","799","2022-12-16T23:09:29.851Z","99","513","517"
"190.104.254.230","elite","AS11014","AR","CPS","230","GABRIEL FRANCISCO ERBETTA Y MARIANO ANDRES CARRIZO RICHELET SOCIEDAD DE HECHO (TELNET SOLUCIONES)","4153","socks4","949","1","2022-12-16T23:09:29.801Z","99","512","517"
"103.47.93.219","elite","AS134058","IN","Broban Internet Services Pvt.ltd","224","Broban  PVT Ltd.","1080","socks4","769","1","2022-12-16T23:09:29.802Z","100","615","615"
"103.47.253.58","elite","AS133918","MY","Suria Data Centre Sdn. Bhd.","173","Suria Data Centre Sdn. Bhd","50550","socks5","1227","1","2022-12-16T23:09:29.850Z","99","618","622"
"103.121.89.159","elite","AS135967","VN","Cau Giay Branch of Bach Kim Network solutions Join stock company","190","BKNS-CG","39267","socks4","742","1","2022-12-16T23:09:29.803Z","96","554","578"
"49.51.96.69","elite","AS132203","CA","OPHL","93","Tencent cloud computing (Beijing) Co., Ltd.","443","socks5","1210","1","2022-12-16T23:09:29.413Z","34","201","598"
"117.4.242.216","elite","AS7552","VN","Viettel Corporation","281","N/A","5678","socks4","926","1","2022-12-16T23:09:29.801Z","100","632","634"
"142.4.207.10","elite","AS16276","FR","OVH SAS","89","OVH Hosting, Inc","48012","socks4","844","1","2022-12-16T23:09:29.801Z","47","280","598"
"50.237.206.174","elite","AS7922","US","Comcast Cable Communications, LLC","97","Comcast Cable Communications, LLC","64312","socks4","973","1","2022-12-16T23:09:29.800Z","100","631","633"
"103.80.210.174","elite","AS17882","MN","Unidish LLC","240","N/A","5678","socks4","793","1","2022-12-16T23:09:29.802Z","99","630","634"
"43.153.174.223","elite","AS132203","JP","Shenzhen Tencent Computer Systems Company Limited","245","Tencent Cloud Computing","443","socks5","1257","1","2022-12-16T23:09:29.849Z","81","476","585"
"170.80.91.15","elite","AS264820","CR","Corebases S.A","153","Corebases S.A","4145","socks4","1099","1","2022-12-16T23:09:29.386Z","100","615","616"
"119.7.232.39","elite","AS4837","CN","CNC Group CHINA169 Sichuan Province Network","263","N/A","24388","socks5","1074","1","2022-12-16T23:09:29.387Z","68","377","551"
"103.82.8.197","elite","AS136156","BD","FNF Online","181","N/A","4153","socks4","1341","1","2022-12-16T23:09:28.601Z","98","557","568"
"81.68.156.53","elite","AS45090","NL","EuroNet Internet","202","Euronet Communications B.V.","2080","socks5","1196","1","2022-12-16T23:09:28.983Z","89","554","621"
"80.73.87.202","elite","AS21487","RU","Sakhatelecom","144","N/A","4153","socks4","1210","1","2022-12-16T23:09:28.983Z","97","613","633"
"202.142.159.204","elite","AS23750","PK","Gerrys Information Technology Pvt Ltd.","146","Gerrys - TWA","31026","socks4","1246","1","2022-12-16T23:09:28.604Z","100","633","634"
"14.207.3.159","elite","AS45629","TH","Triple T Broadband Public Company Limited","190","Triple T Broadband Public Company Limited","5678","socks4","834","1","2022-12-16T23:09:28.617Z","81","483","599"
"96.70.52.227","elite","AS7922","US","Comcast Cable Communications, LLC","112","Comcast Cable Communications, LLC","48324","socks4","1165","1","2022-12-16T23:09:28.606Z","100","607","607"
"116.58.239.205","elite","AS131090","TH","CAT-BB","168","N/A","4145","socks4","1216","1","2022-12-16T23:09:28.605Z","84","500","598"
"41.33.3.36","anonymous","AS8452","EG","TE Data","59","N/A","1981","http","1497","790","2022-12-16T23:09:28.604Z","97","498","515"
"203.28.246.126","elite","AS398088","US","OrcaTech","108","VanwaTech","1337","socks5","1353","1","2022-12-16T23:09:28.600Z","100","612","613"
"36.94.35.245","elite","AS7713","ID","PT. Telekomunikasi Indonesia","186","Telekomunikasi Indonesia","5678","socks5","1314","1","2022-12-16T23:09:28.602Z","99","522","528"
"137.74.95.150","elite","AS16276","PL","OVH SAS","5","OVH SAS","13559","socks4","777","1","2022-12-16T23:09:28.223Z","100","634","634"
"110.40.138.124","elite","AS45090","CN","China Internet Network Information Center","207","Tencent cloud computing (Beijing) Co., Ltd.","8080","http","1351","1105","2022-12-16T23:09:28.606Z","99","512","519"
"182.253.7.106","elite","AS17451","ID","Biznet Networks","174","Sarana Steel","5678","socks4","1392","1","2022-12-16T23:09:28.599Z","99","576","582"
"104.251.94.2","elite","AS20454","US","Secured Servers LLC","141","BraveWay","49246","socks4","751","1","2022-12-16T23:09:28.223Z","99","584","587"
"185.204.197.25","elite","AS60631","IR","Pars Parva System LLC","118","Pars Parva System LLC","8080","socks4","821","1","2022-12-16T23:09:28.996Z","98","511","522"
"103.70.206.193","elite","AS135712","IN","Euron Communications Pvt. Ltd","141","Euron Communications Pvt. Ltd.","59311","socks4","1379","1","2022-12-16T23:09:28.600Z","100","631","634"
"177.105.68.187","elite","AS262637","BR","Netprimus Tecnologia Ltda","190","Netprimus Tecnologia Ltda","4153","socks4","1170","1","2022-12-16T23:09:28.983Z","100","600","600"
"203.176.129.79","elite","AS38235","KH","Angkor Data Communication","202","Mekongnet","33427","socks5","1228","1","2022-12-16T23:09:28.605Z","96","603","628"
"185.158.114.14","elite","AS44812","RU","IpServer","46","IT Expert LLC","38007","socks4","847","1","2022-12-16T23:09:28.995Z","100","595","596"
"177.105.68.23","elite","AS262637","BR","Netprimus Tecnologia Ltda","189","Netprimus Tecnologia Ltda","4153","socks4","1239","1","2022-12-16T23:09:28.982Z","100","531","532"
"201.251.155.249","elite","AS22927","AR","Telefonica de Argentina","263","Cooperativa Telefonica OYIKIL LTDA","5678","socks4","1329","1","2022-12-16T23:09:28.601Z","99","509","513"
"197.232.36.85","elite","AS36866","KE","Jamii Telecommunications Limited","172","Faiba Enterprise","5678","socks4","1419","1","2022-12-16T23:09:28.599Z","98","608","618"
"187.216.144.170","elite","AS8151","MX","Uninet S.A. de C.V.","149","Uninet S.A. de C.V","5678","socks4","1402","1","2022-12-16T23:09:27.863Z","100","553","555"
"121.207.84.12","elite","AS4134","CN","Chinanet","217","Chinanet FJ","57114","socks4","985","1","2022-12-16T23:09:27.881Z","60","337","561"
"43.134.225.110","elite","AS132203","SG","Aceville Pte.ltd","327","N/A","443","socks5","1436","1","2022-12-16T23:09:27.221Z","67","392","585"
"203.205.35.201","elite","AS45903","VN","CMC Telecom Infrastructure Company","237","CMC Telecom Infrastructure Company","4145","socks4","1377","1","2022-12-16T23:09:27.863Z","99","562","568"
"49.156.1.173","elite","AS38901","KH","EZECOM limited","196","EZECOM limited","5678","socks4","1426","1","2022-12-16T23:09:27.862Z","100","546","547"
"104.24.136.68","elite","AS13335","CA","Cloudflare, Inc.","15","Cloudflare, Inc.","80","socks5","1205","1","2022-12-16T23:09:27.239Z","100","554","554"
"185.66.59.225","elite","AS200509","ES","Solucions Valencianes i Noves Tecnologies SL","29","Svint","42647","socks4","1529","1","2022-12-16T23:09:27.218Z","100","630","630"
"177.105.68.167","elite","AS262637","BR","Netprimus Tecnologia Ltda","193","Netprimus Tecnologia Ltda","4153","socks4","1510","1","2022-12-16T23:09:27.437Z","100","569","571"
"110.78.145.47","elite","AS131090","TH","CAT-BB","195","N/A","4145","socks4","1359","1","2022-12-16T23:09:27.864Z","30","174","576"
"103.70.159.152","elite","AS133720","IN","speednet","120","N/A","5678","socks4","1541","1","2022-12-16T23:09:27.217Z","98","609","619"
"103.19.129.137","elite","AS132566","IN","Skynet Internet Broadband Pvt. Ltd","134","N/A","83","socks4","1026","1","2022-12-16T23:09:27.652Z","100","571","572"
"143.198.136.154","elite","AS14061","US","DigitalOcean, LLC","149","DigitalOcean, LLC","52185","socks5","729","1","2022-12-16T23:09:27.884Z","100","587","587"
"69.163.165.180","elite","AS26347","US","New Dream Network, LLC","150","New Dream Network, LLC","41610","socks5","1454","1","2022-12-16T23:09:27.439Z","100","633","634"
"143.198.69.18","elite","AS14061","US","DigitalOcean, LLC","145","DigitalOcean, LLC","12345","socks5","815","1","2022-12-16T23:09:27.883Z","83","484","586"
"51.68.83.188","elite","AS16276","FR","OVH SAS","7","OVH","16977","socks5","1010","1","2022-12-16T23:09:27.652Z","100","588","588"
"105.213.145.93","elite","AS16637","ZA","MTN SA","177","MTN SA","5678","socks4","1413","1","2022-12-16T23:09:27.222Z","98","592","607"
"155.133.83.237","elite","AS199250","PL","CENTRUM KOMPUTEROWE \"PARTNET\" MIROSLAW WOLSZLEGIER","39","MIKRONET Wenderski Jaroslaw","58351","socks4","1445","1","2022-12-16T23:09:27.861Z","100","627","628"
"14.34.137.10","elite","AS4766","KR","Korea Telecom","208","Kornet","3128","socks4","1415","1","2022-12-16T23:09:27.862Z","100","562","564"
"223.25.101.86","elite","AS9341","ID","PT Indonesia Comnets Plus","190","Sinerginet","5678","socks4","1047","1","2022-12-16T23:09:27.459Z","97","498","515"
"38.127.172.42","elite","AS174","US","Cogent Communications","81","Torlandia Trading SRL","46656","socks5","804","1","2022-12-16T23:09:27.883Z","100","558","558"
"62.122.205.135","elite","AS49125","UA","Uteam LTD","37","Uteam LTD","3629","socks4","1481","1","2022-12-16T23:09:27.438Z","98","612","623"
"186.67.192.246","anonymous","AS27651","CL","Entel Chile S.A.","214","Entel Chile S.A","8080","https","1360","945","2022-12-16T23:09:27.223Z","100","628","630"
"181.225.65.123","elite","AS27951","CO","Media Commerce Partners S.A","180","Silcom Telecomunicaciones","5678","socks4","1125","1","2022-12-16T23:09:27.458Z","100","612","615"
"180.183.1.84","elite","AS45629","TH","Triple T Broadband Public Company Limited","153","Triple T Broadband Public Company Limited","8080","socks5","1495","1","2022-12-16T23:09:27.219Z","91","468","514"
"218.1.200.202","elite","AS4812","CN","China Telecom","304","N/A","57114","socks5","1183","1","2022-12-16T23:09:27.454Z","23","133","581"
"115.78.6.117","elite","AS7552","VN","VIETELftth","206","N/A","5678","socks4","938","1","2022-12-16T23:09:27.653Z","99","578","581"
"138.36.150.12","elite","AS263729","AR","Pedraza Luis Eduardo","252","Pedraza Luis Eduardo","1080","socks4","1060","1","2022-12-16T23:09:27.876Z","100","613","613"
"182.253.192.186","elite","AS17451","ID","BIZNET","179","N/A","46634","socks4","1376","1","2022-12-16T23:09:27.222Z","100","632","634"
"8.219.135.23","elite","AS45102","SG","Alibaba (US) Technology Co., Ltd.","243","Alibaba.com Singapore E-Commerce Private Limited","443","socks4","1390","1","2022-12-16T23:09:27.863Z","100","601","602"
"177.105.68.12","elite","AS262637","BR","Netprimus Tecnologia Ltda","193","Netprimus Tecnologia Ltda","4153","socks4","1517","1","2022-12-16T23:09:27.219Z","100","606","609"
"67.205.132.249","elite","AS14061","US","DigitalOcean, LLC","85","Digital Ocean","80","socks4","1112","1","2022-12-16T23:09:27.648Z","100","513","514"
"151.80.120.193","anonymous","AS16276","FR","OVH SAS","5","Sharma Mahi","3128","http","1224","904","2022-12-16T23:09:26.206Z","100","559","559"
"213.6.68.210","elite","AS12975","PS","Palestine Telecommunications Company","58","Palestine Telecommunications Company","4145","socks4","1427","1","2022-12-16T23:09:26.943Z","96","557","579"
"46.101.5.73","elite","AS14061","GB","DigitalOcean, LLC","13","Digitalocean","46296","socks4","1283","1","2022-12-16T23:09:26.205Z","100","635","635"
"185.169.181.27","elite","AS34984","TR","Ates Dc","69","Ibrahim MALA trading as Ates Dc","4145","socks4","1443","1","2022-12-16T23:09:26.221Z","100","609","609"
"80.191.169.76","elite","AS58224","IR","Information Technology Company","129","Azad University of Anar","4145","socks4","1426","1","2022-12-16T23:09:26.929Z","71","447","629"
"103.104.177.195","elite","AS136866","ID","Institut Seni Indonesia Surakarta","174","institut Seni Indonesia Surakarta, University","29020","socks4","1366","1","2022-12-16T23:09:26.550Z","100","606","608"
"91.186.102.169","elite","AS42087","RU","MTS PJSC","110","CJSC Cannel-7","1080","socks4","1413","1","2022-12-16T23:09:26.930Z","77","473","615"
"103.135.248.43","elite","AS54574","HK","DMIT Cloud Services","197","N/A","18880","socks5","1179","1","2022-12-16T23:09:26.948Z","100","515","517"
"200.0.247.82","elite","AS10834","AR","Telefonica de Argentina","218","Smart S.A","4153","socks4","1296","1","2022-12-16T23:09:26.205Z","99","629","633"
"165.84.180.124","elite","AS10103","HK","Hong Kong Broadband Network Ltd","240","Hong Kong Broadband Network Ltd","45927","socks4","1340","1","2022-12-16T23:09:26.226Z","95","572","602"
"103.131.8.27","elite","AS132165","PK","Sky Net Multi Services Pvt Ltd","147","SkyNet Multi Services (Pvt) Ltd.","5678","socks4","1326","1","2022-12-16T23:09:26.204Z","94","580","620"
"202.152.24.50","anonymous","AS4800","ID","PT Aplikanusa Lintasarta","218","N/A","8080","http","1245","811","2022-12-16T23:09:25.818Z","99","510","515"
"202.191.15.253","elite","AS9224","AU","Cirrus Communications","261","Cirrus Communications","4145","socks4","1506","1","2022-12-16T23:09:25.448Z","100","515","515"
"144.76.163.25","elite","AS24940","DE","Hetzner Online GmbH","16","Hetzner","49199","socks4","1290","1","2022-12-16T23:09:25.815Z","100","614","614"
"45.226.2.1","elite","AS266987","BR","Web - Link Telecomunicações e Engenharia","230","Web - Link Telecomunicações e Engenharia","4153","socks4","1196","1","2022-12-16T23:09:25.817Z","100","597","600"
"43.153.175.132","elite","AS132203","JP","Shenzhen Tencent Computer Systems Company Limited","231","Tencent Cloud Computing","443","socks5","1363","1","2022-12-16T23:09:25.838Z","64","377","593"
"5.2.77.207","elite","AS60404","NL","The Infrastructure Group B.V.","12","N/A","9050","socks4","1296","1","2022-12-16T23:09:25.005Z","100","615","617"
"117.58.245.66","elite","AS38744","BD","Always On Network Bangladesh Ltd.","159","Always On Network Bangladesh Ltd","61393","socks4","1194","1","2022-12-16T23:09:25.410Z","96","610","633"
"31.41.90.142","elite","AS41820","UA","New Information Systems PP","36","PPNEW","1080","socks5","1342","1","2022-12-16T23:09:25.004Z","97","615","634"
"115.127.121.194","elite","AS24342","BD","BRACNet Limited","182","BRACNet Limited","5678","socks4","1263","1","2022-12-16T23:09:25.007Z","98","620","633"
"5.189.179.155","elite","AS51167","DE","Contabo GmbH","21","Contabo GmbH","30022","socks5","1400","1","2022-12-16T23:09:25.837Z","100","592","593"
"45.70.204.21","elite","AS267586","BR","Rafael Pierre Barbosa - Me","181","Rafael Pierre Barbosa - Me","4145","socks4","1229","1","2022-12-16T23:09:25.008Z","100","571","572"
"103.210.35.40","elite","AS59151","ID","Bidang Layanan Teknologi dan Informasi Dinas Perhubungan","204","Bidang Layanan Teknologi dan Informasi Dinas Perhubungan","4145","socks4","1442","1","2022-12-16T23:09:25.836Z","98","621","633"
"110.77.149.20","elite","AS131090","TH","CAT-BB","211","N/A","4153","socks4","1247","1","2022-12-16T23:09:25.816Z","100","593","594"
"81.184.13.123","elite","AS6739","ES","Ono","33","AUNA - CTC, Internet de Banda Ampla, CableModem","80","socks4","1263","1","2022-12-16T23:09:25.815Z","100","571","571"
"178.62.96.17","elite","AS14061","GB","DigitalOcean, LLC","18","Digital Ocean","58279","socks5","1387","1","2022-12-16T23:09:25.041Z","81","427","526"
"192.99.13.83","elite","AS16276","CA","OVH SAS","84","OVH Hosting, Inc.","45250","socks5","1401","1","2022-12-16T23:09:25.040Z","100","571","571"
"45.7.177.196","elite","AS266626","BR","Litoral Telecom","196","Litoral Telecom","39867","socks4","1184","1","2022-12-16T23:09:25.817Z","99","594","601"
"103.59.203.197","elite","AS134014","IN","NET 4 U SERVICES PVT LTD","121","NET 4 U Services PVT LTD","4145","socks4","1302","1","2022-12-16T23:09:25.814Z","100","632","633"
"45.116.114.18","elite","AS58898","IN","Rainbow communications India Pvt Ltd","182","Rainbow Communications India Pvt Ltd","5678","socks4","1267","1","2022-12-16T23:09:25.005Z","100","617","620"
"185.15.172.212","elite","AS43226","RU","SafeData LLC","48","SafeData LLC","3128","http","1283","1158","2022-12-16T23:09:25.817Z","96","495","516"
"43.153.174.137","elite","AS132203","JP","Shenzhen Tencent Computer Systems Company Limited","232","Tencent Cloud Computing","443","socks5","1388","1","2022-12-16T23:09:25.449Z","92","536","585"
"213.135.234.101","elite","AS6661","LU","POST Luxembourg","13","EPT","4153","socks4","1180","1","2022-12-16T23:09:25.411Z","100","609","611"
"67.205.2.221","elite","AS26347","US","New Dream Network, LLC","82","New Dream Network, LLC","25064","socks4","1313","1","2022-12-16T23:09:24.131Z","100","631","633"
"38.242.46.234","elite","AS174","US","Cogent Communications","72","Code 200, UAB","3128","socks5","1371","1","2022-12-16T23:09:24.530Z","100","566","568"
"185.119.90.32","elite","AS207604","RS","United Internet Ltd.","29","United Internet Ltd.","7497","socks4","1278","1","2022-12-16T23:09:24.131Z","100","608","609"
"154.66.108.34","elite","AS37642","LS","Comnet Pty Ltd","197","ISPClients","10081","socks4","1380","1","2022-12-16T23:09:24.109Z","99","625","633"
"80.25.87.49","elite","AS3352","ES","RIMA (Red IP Multi Acceso)","38","N/A","57082","socks4","1403","1","2022-12-16T23:09:24.530Z","99","617","623"
"180.122.147.184","elite","AS4134","CN","Chinanet","235","Chinanet JS","1080","socks4","1258","1","2022-12-16T23:09:24.570Z","86","528","617"
"81.162.198.6","elite","AS34955","CZ","Martin Vicenik","30","VicenikRoute","4153","socks4","1308","1","2022-12-16T23:09:24.570Z","100","585","587"
"116.212.144.223","elite","AS38235","KH","Angkor Data Communication","187","Mekongnet","5678","socks4","1356","1","2022-12-16T23:09:24.531Z","99","629","633"
"202.159.35.25","elite","AS9340","ID","PT IndoInternet","193","N/A","443","socks4","1328","1","2022-12-16T23:09:24.531Z","100","629","631"
"72.49.49.11","elite","AS6181","US","Fuse Internet Access","606","Fuse Internet Access - BRAS Norwood Region","31034","socks4","1173","1","2022-12-16T23:09:24.566Z","85","438","518"
"65.108.232.45","elite","AS24940","FI","Hetzner Online GmbH","47","Hetzner Online GmbH","1080","socks5","1231","1","2022-12-16T23:09:24.132Z","100","589","589"
"186.235.184.9","elite","AS61888","BR","GFT COMERCIO DE TELEFONIA E COMUNICACAO LTDA","196","Avil Tecidos Recife Ltda","4153","socks4","1272","1","2022-12-16T23:09:24.533Z","100","592","594"
"109.73.189.242","elite","AS49924","IT","ECROM-MAIN","45","N/A","5678","socks4","1333","1","2022-12-16T23:09:24.130Z","64","375","587"
"36.95.235.18","elite","AS7713","ID","PT. Telekomunikasi Indonesia","168","Telekomunikasi Indonesia","3629","socks4","1301","1","2022-12-16T23:09:24.532Z","100","533","534"
"103.105.40.13","elite","AS137143","IN","Minnal Digital Network Private Limited","172","Minnal Digital Network Private Limited","4145","socks4","1286","1","2022-12-16T23:09:24.532Z","100","620","623"
"171.97.107.108","elite","AS17552","TH","True Internet Corporation CO. Ltd.","192","Truenet Hisp","4145","socks4","1439","1","2022-12-16T23:09:24.108Z","66","343","516"
"80.52.223.98","elite","AS5617","PL","Orange Polska Spolka Akcyjna","42","Orange Polska S.A.","5678","socks4","1367","1","2022-12-16T23:09:24.110Z","97","540","557"
"170.254.255.235","elite","AS52584","BR","Connect Fibra","200","Connect Fibra","45816","socks4","1418","1","2022-12-16T23:09:24.108Z","95","520","546"
"165.22.60.129","elite","AS14061","SG","DigitalOcean, LLC","163","DigitalOcean, LLC","41946","http","1324","1593","2022-12-16T23:09:24.571Z","100","513","515"
"14.207.201.149","elite","AS45629","TH","Triple T Broadband Public Company Limited","169","Triple T Broadband Public Company Limited","8080","socks4","1307","1","2022-12-16T23:09:23.215Z","96","589","612"
"62.33.235.49","elite","AS20485","RU","Joint Stock Company TransTeleCom","54","DataLine","4153","socks4","1332","1","2022-12-16T23:09:23.214Z","100","564","566"
"115.96.208.124","elite","AS17488","IN","Hathway IP over Cable Internet Access","126","Hathway Cable and Datacom Limited","8080","http","1203","691","2022-12-16T23:09:23.700Z","79","411","519"
"222.124.130.195","elite","AS7713","ID","Telekomunikasi Indonesia","171","PT. TELKOM INDONESIA","4145","socks4","1381","1","2022-12-16T23:09:23.213Z","68","391","571"
"103.106.112.11","elite","AS136880","ID","SMSNET","183","N/A","5430","socks4","1398","1","2022-12-16T23:09:23.213Z","99","600","606"
"86.110.27.165","anonymous","AS8905","RU","Digit One LLC","45","Digit1 Arctel","3128","http","1391","868","2022-12-16T23:09:23.216Z","98","524","535"
"37.111.50.252","elite","AS133385","MM","Atom Myanmar Limited","225","Telenor Myanmar","4153","socks4","1260","1","2022-12-16T23:09:23.216Z","96","600","628"
"177.38.5.149","elite","AS52964","BR","FÁBIO MENDES DIAS LTDA ME","245","FÁBIO MENDES DIAS LTDA ME","4153","socks4","1169","1","2022-12-16T23:09:23.700Z","97","611","631"
"112.109.20.234","elite","AS24521","ID","DATAUTAMANET","229","N/A","4153","socks4","1272","1","2022-12-16T23:09:23.215Z","99","560","564"
"45.7.177.214","elite","AS266626","BR","Litoral Telecom","196","Litoral Telecom","39867","socks4","1433","1","2022-12-16T23:09:23.670Z","99","605","613"
"200.105.107.5","elite","AS262150","AR","Empresa Provincial de Energia de Cordoba","226","Coop. Ganadera y Agricola de Consumo Porteña Lda","4153","socks4","1207","1","2022-12-16T23:09:23.699Z","95","588","621"
"146.56.150.146","elite","AS31898","KR","Oracle Corporation","249","Oracle Cloud Infrastructure (ap-seoul-1)","32241","socks5","1357","1","2022-12-16T23:09:23.214Z","90","552","616"
"188.0.147.102","elite","AS35104","KZ","JSC \"KazTransCom\"","102","JSC KazTransCom","3128","http","1408","751","2022-12-16T23:09:23.228Z","32","167","519"
"1.10.133.132","elite","AS23969","TH","TOT Public Company Limited","159","Shared Dynamic IP Address for Residential Broadband Services","4145","socks4","1216","1","2022-12-16T23:09:23.235Z","83","476","571"
"202.29.214.22","elite","AS4621","TH","Office of Info.Tech. Admin. for Educational Development","178","Office of Info.Tech. Admin. Educational Development","4153","socks4","1396","1","2022-12-16T23:09:23.671Z","93","587","633"
"75.119.201.156","elite","AS26347","US","New Dream Network, LLC","151","New Dream Network, LLC","15745","socks4","1334","1","2022-12-16T23:09:22.112Z","100","613","613"
"110.77.184.80","elite","AS131090","TH","CAT-BB","200","N/A","4145","socks4","1215","1","2022-12-16T23:09:22.895Z","88","518","588"
"136.49.189.2","elite","AS16591","US","Google Fiber Inc.","116","Google Fiber Inc","8080","socks4","1405","1","2022-12-16T23:09:22.131Z","100","619","620"
"31.130.182.247","elite","AS56749","IR","Roshangaran Ertebatat Rayaneh","133","Roshangaran Ertebatat Rayaneh","3629","socks4","1368","1","2022-12-16T23:09:22.524Z","94","565","599"
"150.158.40.180","elite","AS45090","CN","Shenzhen Tencent Computer Systems Company Limited","179","Tencent Cloud Computing (Beijing) Co., Ltd","2080","socks4","1254","1","2022-12-16T23:09:22.894Z","99","605","611"
"14.141.37.75","elite","AS4755","IN","Tata Communications Limited","134","Tata Communications Limited","5678","socks4","1255","1","2022-12-16T23:09:22.526Z","100","627","628"
"115.42.64.40","elite","AS132165","PK","Connect Communication","144","Connect Communication","5678","socks4","1345","1","2022-12-16T23:09:22.524Z","93","589","633"
"75.119.205.218","elite","AS26347","US","New Dream Network, LLC","151","New Dream Network, LLC","32238","socks5","1369","1","2022-12-16T23:09:22.112Z","100","618","619"
"175.138.229.109","anonymous","AS4788","MY","Tmnet, Telekom Malaysia Bhd.","155","Adsl Streamyx","3128","https","1439","967","2022-12-16T23:09:22.132Z","99","597","601"
"179.107.52.100","elite","AS263284","BR","Topmega Internet e Informática LTDA -ME","194","Topmega Internet e Informática LTDA -ME","4153","socks4","1309","1","2022-12-16T23:09:22.893Z","95","559","587"
"38.127.179.126","elite","AS174","US","Cogent Communications","78","Torlandia Trading SRL","46656","socks5","1392","1","2022-12-16T23:09:22.132Z","100","556","557"
"177.203.48.179","elite","AS8167","BR","V tal","261","Brasil Telecom S/A - Filial Distrito Federal","4145","socks4","1269","1","2022-12-16T23:09:22.526Z","100","594","594"
"188.255.247.193","elite","AS52116","RS","Orion Telekom Tim d.o.o.Beograd","279","Orion Telekom Tim d.o.o.Beograd","5678","socks4","1261","1","2022-12-16T23:09:22.114Z","92","475","516"
"62.171.153.119","elite","AS51167","DE","Contabo GmbH","15","Contabo GmbH","22273","socks4","1341","1","2022-12-16T23:09:22.547Z","100","516","517"
"47.89.185.178","anonymous","AS45102","US","Alibaba.com LLC","79","ALICLOUD-US","8888","http","1399","797","2022-12-16T23:09:21.751Z","99","513","518"
"210.213.90.26","elite","AS9299","PH","Philippine Long Distance Telephone Co.","204","Philippine Long Distance Telephone Co","8080","socks4","1382","1","2022-12-16T23:09:21.383Z","99","611","615"
"185.56.180.14","elite","AS206866","ES","GARTEL","41","Gartel","5678","socks4","1354","1","2022-12-16T23:09:21.356Z","100","633","633"
"113.161.248.125","elite","AS45899","VN","VietNam Post and Telecom Corporation","222","Vietnam Posts and Telecommunications Group","1080","socks4","1329","1","2022-12-16T23:09:21.356Z","100","627","627"
"81.169.187.194","elite","AS6724","DE","Strato AG","20","Strato AG","80","socks5","1344","1","2022-12-16T23:09:21.750Z","100","610","612"
"203.32.120.195","elite","AS209242","VG","Cloudflare London, LLC","11","Anaga Consulting Limited","80","socks4","1401","1","2022-12-16T23:09:21.383Z","100","613","615"
"165.225.216.80","elite","AS22616","US","ZSCALER, INC.","112","Zscaler, Inc","10605","socks4","1357","1","2022-12-16T23:09:21.384Z","98","621","632"
"200.115.188.52","elite","AS52422","HN","Velco Globalnetwork","135","Velco Globalnetwork","8080","socks4","1385","1","2022-12-16T23:09:21.355Z","99","585","589"
"83.234.147.166","elite","AS20485","RU","TRANS-TELECOM","51","LLC Internet Service Russia","6363","socks4","1303","1","2022-12-16T23:09:21.357Z","100","537","538"
"170.254.255.253","elite","AS52584","BR","Connect Fibra","206","Connect Fibra","45816","socks4","1322","1","2022-12-16T23:09:21.733Z","96","600","628"
"51.38.231.41","elite","AS16276","FR","OVH SAS","5","OVH","80","socks4","1370","1","2022-12-16T23:09:21.750Z","100","610","610"
"223.26.16.1","elite","AS136171","US","Medha Hosting","119","Medhahosting in","5678","socks4","1316","1","2022-12-16T23:09:20.045Z","100","621","621"
"121.66.198.76","elite","AS3786","KR","LG DACOM Corporation","286","Boranet","4145","socks4","1355","1","2022-12-16T23:09:20.461Z","99","615","621"
"202.148.30.6","elite","AS38778","ID","PT. Dutakom Wibawa Putra","200","N/A","5678","socks4","1345","1","2022-12-16T23:09:20.048Z","99","563","570"
"103.66.176.45","elite","AS135578","BD","Dhaka Information Technology","155","N/A","32251","socks4","1368","1","2022-12-16T23:09:20.461Z","98","602","612"